time,location,temperature_C,humidity_rel_perc
3,D,22.4,45
3,C,22.5,45
3,B,21.7,44
3,A,21.7,43
2,D,19.8,
2,C,17.4,44
2,B,13.7,43
2,A,12.9,42
1,D,13,41
1,C,13.2,41
1,B,13.1,41
1,A,13.1,40
6,D,14.6,39
6,C,15.3,
6,B,17.2,42
6,A,18.1,42
5,D,18.3,42
5,C,18.9,42
5,B,20.1,43
5,A,20.8,43
4,D,22.5,43
4,C,23.6,43
4,B,24,44
4,A,22.6,44
